<?xml version="1.0" encoding="UTF-8"?>
<project-private xmlns="http://www.netbeans.org/ns/project-private/1">
    <editor-bookmarks xmlns="http://www.netbeans.org/ns/editor-bookmarks/2" lastBookmarkId="0"/>
    <open-files xmlns="http://www.netbeans.org/ns/projectui-open-files/2">
        <group>
            <file>file:/C:/Users/fernando.moro/Documents/NetBeansProjects/ControleEstoque/src/model/ItemCompra.java</file>
            <file>file:/C:/Users/fernando.moro/Documents/NetBeansProjects/ControleEstoque/src/controller/daoCompra.java</file>
            <file>file:/C:/Users/fernando.moro/Documents/NetBeansProjects/ControleEstoque/src/controller/daoItemCompra.java</file>
            <file>file:/C:/Users/fernando.moro/Documents/NetBeansProjects/ControleEstoque/src/model/Compra.java</file>
            <file>file:/C:/Users/fernando.moro/Documents/NetBeansProjects/ControleEstoque/src/view/dialogCompras.java</file>
        </group>
    </open-files>
</project-private>
