<?xml version="1.0" encoding="UTF-8"?>
<project-private xmlns="http://www.netbeans.org/ns/project-private/1">
    <editor-bookmarks xmlns="http://www.netbeans.org/ns/editor-bookmarks/2" lastBookmarkId="0"/>
    <open-files xmlns="http://www.netbeans.org/ns/projectui-open-files/2">
        <group>
            <file>file:/C:/Users/renat/Documents/NetBeansProjects/ClinicaFisio/src/model/Tratamento.java</file>
            <file>file:/C:/Users/renat/Documents/NetBeansProjects/ClinicaFisio/src/View/dialogTratamento.java</file>
            <file>file:/C:/Users/renat/Documents/NetBeansProjects/ClinicaFisio/src/model/Consulta.java</file>
            <file>file:/C:/Users/renat/Documents/NetBeansProjects/ClinicaFisio/src/META-INF/persistence.xml</file>
            <file>file:/C:/Users/renat/Documents/NetBeansProjects/ClinicaFisio/src/View/dialogConsulta.java</file>
            <file>file:/C:/Users/renat/Documents/NetBeansProjects/ClinicaFisio/src/model/Paciente.java</file>
        </group>
    </open-files>
</project-private>
